ID,Part Name
1,SMR8317282/000
2,214D1863P002
3,114E4330G002
4,114E4330G009
5,233C2877P001
6,233C5022G001
7,119E7833P001
8,1.25Flange
9,233C2847G001
10,194D5493G001
11,109E4612G003
12,161167
13,Flange
14,233C2587P002
15,223C2917P001
16,162445
17,161166
18,162452
19,114E4018P001
20,233C2846G001
21,114E4330G003
22,114E4018BLANK
23,362A1190
24,194D5490P002
25,166751
26,114E4330G001
27,321C1359
28,233C5067G002
29,03-8798/001
30,138E6001G002
32,33-8798/003
33,03-8798/001
34,233C2824
35,194D5490P001
36,SK233C2827
37,233C5024P001
38,M0449
39,33-9431-1065/006
40,54KF02-CBB32-W01-A05
41,165441
42,172464
43,111E8996P001
44,114E4330G005
45,3003311-1
46,3075542-2
47,3060534-937
48,3060694-951
49,3075707-1
50,3830462-947
51,3811000-1
52,54KF04-CBB31-M06-A03
53,XX165441
54,54KF02-CBB32-W01-A06
55,138E6001G010
56,138E6001G003
57,SK369A3101P005
58,.125 ??
59,43-9431-10605-012
60,3033089-1
61,3175435-3
62,176814
63,M01244
64,101516721
65,101588865
66,120168218
67,3175441-2
68,3175441-3
69,120169014
70,101465913
71,101466163
72,101392246
73,35840
74,176812
75,2-063-158-2
76,2-063-161-2
77,3060584-1
78,101303286
79,101590179
80,314886
81,3037056-3
82,120178
83,3050642-1
84,101582897
85,3050640-1
86,101588905
87,3072481-2
88,3072464-6
89,3844332-923
90,WB3827624-1
91,3072482-2
92,114E4328P001
93,3827505-2
94,3034038-2
95,3827152-3
96,M01245
97,E91711
98,MW12017A
99,E92815
100,E92812
101,3844332-919
